timestamp,dataset,algorithm,spark_version,features,partitions,lambda,max_iterations,actual_iterations,runtime_sec,accuracy_percent,model_norm,non_zero_weights,total_weights,non_zero_percent,convergence_status,train_file,test_file
2025-07-13T20:54:55.982,higgs,admm,2_4,27,8,0.01,50,19,122.697,61.72,0.883551,27,27,100,converged,higgs_train15k.binary,higgs_test10k.binary
2025-07-13T20:57:12.139,higgs,admm,2_4,27,8,0.01,50,19,131.678,61.72,0.883551,27,27,100,converged,higgs_train15k.binary,higgs_test10k.binary
2025-07-13T20:59:44.675,higgs,admm,2_4,27,8,0.01,50,22,147.798,61.71,0.942258,27,27,100,converged,higgs_train15k.binary,higgs_test10k.binary
2025-07-13T21:02:20.349,higgs,admm,2_4,27,8,0.01,50,22,151.197,61.74,0.942067,27,27,100,converged,higgs_train15k.binary,higgs_test10k.binary
2025-07-13T21:05:00.211,higgs,admm,2_4,27,8,0.01,50,22,155.421,61.71,0.942258,27,27,100,converged,higgs_train15k.binary,higgs_test10k.binary
2025-07-13T21:08:50.020,higgs,admm,2_4,27,8,0.01,50,29,225.359,62.38,1.343814,27,27,100,converged,higgs_train15k.binary,higgs_test10k.binary
2025-07-13T21:11:15.898,higgs,admm,2_4,27,8,0.01,50,19,141.517,61.72,0.88355,27,27,100,converged,higgs_train15k.binary,higgs_test10k.binary
2025-07-13T21:13:11.936,higgs,admm,2_4,27,8,0.01,50,18,111.677,61.72,0.867996,27,27,100,converged,higgs_train15k.binary,higgs_test10k.binary
2025-07-13T21:15:03.357,higgs,admm,2_4,27,8,0.01,50,20,107.212,61.74,0.898906,27,27,100,converged,higgs_train15k.binary,higgs_test10k.binary
2025-07-13T21:17:03.931,higgs,admm,2_4,27,8,0.01,50,22,116.304,61.74,0.942066,27,27,100,converged,higgs_train15k.binary,higgs_test10k.binary
2025-07-13T21:18:44.565,higgs,admm,2_4,27,8,0.01,50,18,96.389,61.74,0.868001,27,27,100,converged,higgs_train15k.binary,higgs_test10k.binary
2025-07-13T21:20:50.663,higgs,admm,2_4,27,8,0.01,50,22,121.878,61.74,0.942067,27,27,100,converged,higgs_train15k.binary,higgs_test10k.binary
2025-07-13T20:48:33.788,higgs,admm,2_4,27,8,0.01,50,18,67.327,61.72,0.8682,27,27,100,converged,higgs_train15k.binary,higgs_test10k.binary
2025-07-13T20:50:49.675,higgs,admm,2_4,27,8,0.01,50,21,126.953,61.73,0.92824,27,27,100,converged,higgs_train15k.binary,higgs_test10k.binary
2025-07-13T20:52:48.711,higgs,admm,2_4,27,8,0.01,50,18,114.056,61.72,0.867993,27,27,100,converged,higgs_train15k.binary,higgs_test10k.binary
2025-07-13T20:55:00.013,higgs,lbfgs,2_4,27,8,0.01,100,100,3.629,64.07,2.775453,27,27,100,max_iterations,higgs_train15k.binary,higgs_test10k.binary
2025-07-13T20:57:16.388,higgs,lbfgs,2_4,27,8,0.01,100,100,3.779,64.07,2.775453,27,27,100,max_iterations,higgs_train15k.binary,higgs_test10k.binary
2025-07-13T20:59:48.686,higgs,lbfgs,2_4,27,8,0.01,100,100,3.621,64.07,2.775453,27,27,100,max_iterations,higgs_train15k.binary,higgs_test10k.binary
2025-07-13T21:02:24.331,higgs,lbfgs,2_4,27,8,0.01,100,100,3.573,64.07,2.775453,27,27,100,max_iterations,higgs_train15k.binary,higgs_test10k.binary
2025-07-13T21:05:04.183,higgs,lbfgs,2_4,27,8,0.01,100,100,3.575,64.07,2.775453,27,27,100,max_iterations,higgs_train15k.binary,higgs_test10k.binary
2025-07-13T21:08:53.935,higgs,lbfgs,2_4,27,8,0.01,100,100,3.532,64.07,2.775453,27,27,100,max_iterations,higgs_train15k.binary,higgs_test10k.binary
2025-07-13T21:11:19.816,higgs,lbfgs,2_4,27,8,0.01,100,100,3.534,64.07,2.775453,27,27,100,max_iterations,higgs_train15k.binary,higgs_test10k.binary
2025-07-13T21:13:15.701,higgs,lbfgs,2_4,27,8,0.01,100,100,3.393,64.07,2.775453,27,27,100,max_iterations,higgs_train15k.binary,higgs_test10k.binary
2025-07-13T21:15:07.190,higgs,lbfgs,2_4,27,8,0.01,100,100,3.458,64.07,2.775453,27,27,100,max_iterations,higgs_train15k.binary,higgs_test10k.binary
2025-07-13T21:17:07.734,higgs,lbfgs,2_4,27,8,0.01,100,100,3.404,64.07,2.775453,27,27,100,max_iterations,higgs_train15k.binary,higgs_test10k.binary
2025-07-13T21:18:48.339,higgs,lbfgs,2_4,27,8,0.01,100,100,3.387,64.07,2.775453,27,27,100,max_iterations,higgs_train15k.binary,higgs_test10k.binary
2025-07-13T21:20:54.410,higgs,lbfgs,2_4,27,8,0.01,100,100,3.371,64.07,2.775453,27,27,100,max_iterations,higgs_train15k.binary,higgs_test10k.binary
2025-07-13T20:48:42.223,higgs,lbfgs,2_4,27,8,0.01,100,100,7.801,64.07,2.775453,27,27,100,max_iterations,higgs_train15k.binary,higgs_test10k.binary
2025-07-13T20:50:54.187,higgs,lbfgs,2_4,27,8,0.01,100,100,4.064,64.07,2.775453,27,27,100,max_iterations,higgs_train15k.binary,higgs_test10k.binary
2025-07-13T20:52:52.837,higgs,lbfgs,2_4,27,8,0.01,100,100,3.724,64.07,2.775453,27,27,100,max_iterations,higgs_train15k.binary,higgs_test10k.binary
2025-07-13T22:20:45.882150635,higgs,admm,4_0,27,8,0.01,50,19,96.668,61.7,0.867948,27,27,100,converged,higgs_train15k.binary,higgs_test10k.binary
2025-07-13T22:22:16.513379744,higgs,admm,4_0,27,8,0.01,50,17,88.757,61.6,0.835345,27,27,100,converged,higgs_train15k.binary,higgs_test10k.binary
2025-07-13T22:24:07.243131656,higgs,admm,4_0,27,8,0.01,50,21,108.837,61.75,0.927853,27,27,100,converged,higgs_train15k.binary,higgs_test10k.binary
2025-07-13T22:25:39.080838660,higgs,admm,4_0,27,8,0.01,50,17,90.02,61.56,0.818388,27,27,100,converged,higgs_train15k.binary,higgs_test10k.binary
2025-07-13T22:28:21.672363027,higgs,admm,4_0,27,8,0.01,50,28,160.736,62.3,1.321301,27,27,100,converged,higgs_train15k.binary,higgs_test10k.binary
2025-07-13T22:30:19.418745178,higgs,admm,4_0,27,8,0.01,50,22,115.956,61.71,0.942044,27,27,100,converged,higgs_train15k.binary,higgs_test10k.binary
2025-07-13T22:31:54.627373065,higgs,admm,4_0,27,8,0.01,50,17,93.348,61.56,0.818392,27,27,100,converged,higgs_train15k.binary,higgs_test10k.binary
2025-07-13T22:34:42.741029538,higgs,admm,4_0,27,8,0.01,50,28,166.37,62.3,1.321302,27,27,100,converged,higgs_train15k.binary,higgs_test10k.binary
2025-07-13T22:36:23.786602253,higgs,admm,4_0,27,8,0.01,50,18,99.152,61.6,0.85178,27,27,100,converged,higgs_train15k.binary,higgs_test10k.binary
2025-07-13T22:38:06.681939350,higgs,admm,4_0,27,8,0.01,50,18,101.114,61.6,0.851782,27,27,100,converged,higgs_train15k.binary,higgs_test10k.binary
2025-07-13T22:41:25.972081611,higgs,admm,4_0,27,8,0.01,50,32,197.542,62.41,1.364274,27,27,100,converged,higgs_train15k.binary,higgs_test10k.binary
2025-07-13T22:43:23.756947547,higgs,admm,4_0,27,8,0.01,50,20,115.977,61.7,0.898848,27,27,100,converged,higgs_train15k.binary,higgs_test10k.binary
2025-07-13T22:08:27.881451276,higgs,admm,4_0,27,8,0.01,50,17,72.401,61.6,0.835343,27,27,100,converged,higgs_train15k.binary,higgs_test10k.binary
2025-07-13T22:09:50.942629009,higgs,admm,4_0,27,8,0.01,50,18,80.742,61.62,0.851893,27,27,100,converged,higgs_train15k.binary,higgs_test10k.binary
2025-07-13T22:11:12.911732580,higgs,admm,4_0,27,8,0.01,50,17,79.892,61.56,0.818392,27,27,100,converged,higgs_train15k.binary,higgs_test10k.binary
2025-07-13T22:12:39.731524036,higgs,admm,4_0,27,8,0.01,50,18,84.772,61.62,0.852123,27,27,100,converged,higgs_train15k.binary,higgs_test10k.binary
2025-07-13T22:15:07.467167953,higgs,admm,4_0,27,8,0.01,50,28,145.655,62.3,1.321297,27,27,100,converged,higgs_train15k.binary,higgs_test10k.binary
2025-07-13T22:17:36.157057834,higgs,admm,4_0,27,8,0.01,50,28,146.643,62.3,1.321301,27,27,100,converged,higgs_train15k.binary,higgs_test10k.binary
2025-07-13T22:19:07.299221123,higgs,admm,4_0,27,8,0.01,50,18,89.226,61.62,0.851894,27,27,100,converged,higgs_train15k.binary,higgs_test10k.binary
2025-07-13T22:20:47.340229444,higgs,lbfgs,4_0,27,8,0.01,100,100,1.095,64.07,2.775366,27,27,100,max_iterations,higgs_train15k.binary,higgs_test10k.binary
2025-07-13T22:22:17.988579772,higgs,lbfgs,4_0,27,8,0.01,100,100,1.11,64.07,2.775366,27,27,100,max_iterations,higgs_train15k.binary,higgs_test10k.binary
2025-07-13T22:24:08.650397397,higgs,lbfgs,4_0,27,8,0.01,100,100,1.062,64.07,2.775366,27,27,100,max_iterations,higgs_train15k.binary,higgs_test10k.binary
2025-07-13T22:25:40.500260252,higgs,lbfgs,4_0,27,8,0.01,100,100,1.084,64.07,2.775366,27,27,100,max_iterations,higgs_train15k.binary,higgs_test10k.binary
2025-07-13T22:28:23.054605337,higgs,lbfgs,4_0,27,8,0.01,100,100,1.049,64.07,2.775366,27,27,100,max_iterations,higgs_train15k.binary,higgs_test10k.binary
2025-07-13T22:30:20.874646512,higgs,lbfgs,4_0,27,8,0.01,100,100,1.056,64.07,2.775366,27,27,100,max_iterations,higgs_train15k.binary,higgs_test10k.binary
2025-07-13T22:31:55.966289639,higgs,lbfgs,4_0,27,8,0.01,100,100,1.01,64.07,2.775366,27,27,100,max_iterations,higgs_train15k.binary,higgs_test10k.binary
2025-07-13T22:34:44.203156045,higgs,lbfgs,4_0,27,8,0.01,100,100,1.106,64.07,2.775366,27,27,100,max_iterations,higgs_train15k.binary,higgs_test10k.binary
2025-07-13T22:36:25.154632951,higgs,lbfgs,4_0,27,8,0.01,100,100,1.042,64.07,2.775366,27,27,100,max_iterations,higgs_train15k.binary,higgs_test10k.binary
2025-07-13T22:38:08.020885033,higgs,lbfgs,4_0,27,8,0.01,100,100,1.007,64.07,2.775366,27,27,100,max_iterations,higgs_train15k.binary,higgs_test10k.binary
2025-07-13T22:41:27.385255775,higgs,lbfgs,4_0,27,8,0.01,100,100,1.045,64.07,2.775366,27,27,100,max_iterations,higgs_train15k.binary,higgs_test10k.binary
2025-07-13T22:43:25.154149646,higgs,lbfgs,4_0,27,8,0.01,100,100,1.028,64.07,2.775366,27,27,100,max_iterations,higgs_train15k.binary,higgs_test10k.binary
2025-07-13T22:08:29.732827306,higgs,lbfgs,4_0,27,8,0.01,100,100,1.418,64.07,2.775366,27,27,100,max_iterations,higgs_train15k.binary,higgs_test10k.binary
2025-07-13T22:09:52.583607234,higgs,lbfgs,4_0,27,8,0.01,100,100,1.287,64.07,2.775366,27,27,100,max_iterations,higgs_train15k.binary,higgs_test10k.binary
2025-07-13T22:11:14.511577533,higgs,lbfgs,4_0,27,8,0.01,100,100,1.248,64.07,2.775366,27,27,100,max_iterations,higgs_train15k.binary,higgs_test10k.binary
2025-07-13T22:12:41.342962466,higgs,lbfgs,4_0,27,8,0.01,100,100,1.252,64.07,2.775366,27,27,100,max_iterations,higgs_train15k.binary,higgs_test10k.binary
2025-07-13T22:15:09.089825738,higgs,lbfgs,4_0,27,8,0.01,100,100,1.219,64.07,2.775366,27,27,100,max_iterations,higgs_train15k.binary,higgs_test10k.binary
2025-07-13T22:17:37.660439259,higgs,lbfgs,4_0,27,8,0.01,100,100,1.152,64.07,2.775366,27,27,100,max_iterations,higgs_train15k.binary,higgs_test10k.binary
2025-07-13T22:19:08.819870698,higgs,lbfgs,4_0,27,8,0.01,100,100,1.154,64.07,2.775366,27,27,100,max_iterations,higgs_train15k.binary,higgs_test10k.binary
2025-07-13T05:06:35.351,rcv1,admm,2_4,47236,10,0.01,50,14,143.515,92.08,2.057956,39374,47236,83.36,converged,rcv1_train15k.binary,rcv1_test10k.binary
2025-07-13T05:10:17.968,rcv1,admm,2_4,47236,15,0.01,50,21,195.113,92.34,5.21015,39378,47236,83.36,converged,rcv1_train15k.binary,rcv1_test10k.binary
2025-07-13T05:00:37.295,rcv1,admm,2_4,47236,5,0.01,50,21,272.242,92.15,2.848134,39372,47236,83.35,converged,rcv1_train15k.binary,rcv1_test10k.binary
2025-07-13T05:03:46.452,rcv1,admm,2_4,47236,8,0.01,50,17,166.004,92.12,2.521688,39374,47236,83.36,converged,rcv1_train15k.binary,rcv1_test10k.binary
2025-07-13T05:21:46.878,rcv1,admm,2_4,47236,10,0.01,50,14,144.967,92.08,2.057954,39374,47236,83.36,converged,rcv1_train15k.binary,rcv1_test10k.binary
2025-07-13T05:25:31.349,rcv1,admm,2_4,47236,15,0.01,50,21,196.83,92.34,5.210168,39377,47236,83.36,converged,rcv1_train15k.binary,rcv1_test10k.binary
2025-07-13T05:15:41.011,rcv1,admm,2_4,47236,5,0.01,50,21,290.608,92.15,2.84813,39372,47236,83.35,converged,rcv1_train15k.binary,rcv1_test10k.binary
2025-07-13T05:18:54.968,rcv1,admm,2_4,47236,8,0.01,50,17,169.027,92.12,2.521688,39371,47236,83.35,converged,rcv1_train15k.binary,rcv1_test10k.binary
2025-07-13T05:36:54.558,rcv1,admm,2_4,47236,10,0.01,50,14,146.914,92.08,2.057956,39374,47236,83.36,converged,rcv1_train15k.binary,rcv1_test10k.binary
2025-07-13T05:40:36.343,rcv1,admm,2_4,47236,15,0.01,50,21,193.762,92.34,5.210272,39375,47236,83.36,converged,rcv1_train15k.binary,rcv1_test10k.binary
2025-07-13T05:30:42.141,rcv1,admm,2_4,47236,5,0.01,50,21,280.463,92.15,2.848134,39372,47236,83.35,converged,rcv1_train15k.binary,rcv1_test10k.binary
2025-07-13T05:34:00.669,rcv1,admm,2_4,47236,8,0.01,50,17,169.503,92.12,2.521691,39371,47236,83.35,converged,rcv1_train15k.binary,rcv1_test10k.binary
2025-07-13T05:51:37.243,rcv1,admm,2_4,47236,10,0.01,50,14,146.035,92.08,2.057955,39374,47236,83.36,converged,rcv1_train15k.binary,rcv1_test10k.binary
2025-07-13T05:55:27.799,rcv1,admm,2_4,47236,15,0.01,50,21,190.464,92.33,5.210189,39377,47236,83.36,converged,rcv1_train15k.binary,rcv1_test10k.binary
2025-07-13T05:45:35.485,rcv1,admm,2_4,47236,5,0.01,50,21,269.045,92.15,2.848134,39372,47236,83.35,converged,rcv1_train15k.binary,rcv1_test10k.binary
2025-07-13T05:48:44.521,rcv1,admm,2_4,47236,8,0.01,50,17,165.583,92.12,2.521678,39375,47236,83.36,converged,rcv1_train15k.binary,rcv1_test10k.binary
2025-07-13T06:06:38.836,rcv1,admm,2_4,47236,10,0.01,50,14,143.485,92.08,2.057958,39374,47236,83.36,converged,rcv1_train15k.binary,rcv1_test10k.binary
2025-07-13T06:10:21.425,rcv1,admm,2_4,47236,15,0.01,50,21,193.533,92.34,5.210207,39375,47236,83.36,converged,rcv1_train15k.binary,rcv1_test10k.binary
2025-07-13T06:00:33.958,rcv1,admm,2_4,47236,5,0.01,50,21,273.789,92.15,2.848137,39371,47236,83.35,converged,rcv1_train15k.binary,rcv1_test10k.binary
2025-07-13T06:03:44.789,rcv1,admm,2_4,47236,8,0.01,50,17,166.959,92.12,2.521678,39375,47236,83.36,converged,rcv1_train15k.binary,rcv1_test10k.binary
2025-07-13T06:21:34.439,rcv1,admm,2_4,47236,10,0.01,50,14,145.852,92.08,2.057954,39375,47236,83.36,converged,rcv1_train15k.binary,rcv1_test10k.binary
2025-07-13T06:25:14.860,rcv1,admm,2_4,47236,15,0.01,50,21,193.673,92.34,5.210235,39376,47236,83.36,converged,rcv1_train15k.binary,rcv1_test10k.binary
2025-07-13T06:15:21.184,rcv1,admm,2_4,47236,5,0.01,50,21,268.613,92.15,2.848134,39372,47236,83.35,converged,rcv1_train15k.binary,rcv1_test10k.binary
2025-07-13T06:18:42.104,rcv1,admm,2_4,47236,8,0.01,50,17,171.09,92.12,2.521689,39372,47236,83.35,converged,rcv1_train15k.binary,rcv1_test10k.binary
2025-07-13T06:36:05.435,rcv1,admm,2_4,47236,10,0.01,50,14,142.907,92.08,2.057958,39374,47236,83.36,converged,rcv1_train15k.binary,rcv1_test10k.binary
2025-07-13T06:39:45.522,rcv1,admm,2_4,47236,15,0.01,50,21,192.977,92.33,5.210193,39377,47236,83.36,converged,rcv1_train15k.binary,rcv1_test10k.binary
2025-07-13T06:30:09.951,rcv1,admm,2_4,47236,5,0.01,50,21,265.357,92.15,2.848134,39372,47236,83.35,converged,rcv1_train15k.binary,rcv1_test10k.binary
2025-07-13T06:33:15.500,rcv1,admm,2_4,47236,8,0.01,50,17,162.018,92.12,2.5217,39371,47236,83.35,converged,rcv1_train15k.binary,rcv1_test10k.binary
2025-07-13T06:50:44.052,rcv1,admm,2_4,47236,10,0.01,50,14,144.498,92.08,2.057954,39374,47236,83.36,converged,rcv1_train15k.binary,rcv1_test10k.binary
2025-07-13T06:54:21.703,rcv1,admm,2_4,47236,15,0.01,50,21,191.032,92.34,5.210288,39375,47236,83.36,converged,rcv1_train15k.binary,rcv1_test10k.binary
2025-07-13T06:44:46.527,rcv1,admm,2_4,47236,5,0.01,50,21,270.903,92.15,2.848134,39372,47236,83.35,converged,rcv1_train15k.binary,rcv1_test10k.binary
2025-07-13T06:47:51.838,rcv1,admm,2_4,47236,8,0.01,50,17,162.057,92.12,2.521688,39374,47236,83.36,converged,rcv1_train15k.binary,rcv1_test10k.binary
2025-07-13T07:05:25.008,rcv1,admm,2_4,47236,10,0.01,50,14,141.283,92.08,2.057953,39374,47236,83.36,converged,rcv1_train15k.binary,rcv1_test10k.binary
2025-07-13T07:09:03.703,rcv1,admm,2_4,47236,15,0.01,50,21,191.231,92.34,5.210205,39376,47236,83.36,converged,rcv1_train15k.binary,rcv1_test10k.binary
2025-07-13T06:59:21.995,rcv1,admm,2_4,47236,5,0.01,50,21,269.096,92.15,2.84813,39372,47236,83.35,converged,rcv1_train15k.binary,rcv1_test10k.binary
2025-07-13T07:02:30.856,rcv1,admm,2_4,47236,8,0.01,50,17,165.177,92.12,2.521688,39374,47236,83.36,converged,rcv1_train15k.binary,rcv1_test10k.binary
2025-07-13T07:19:55.974,rcv1,admm,2_4,47236,10,0.01,50,14,141.174,92.08,2.057955,39374,47236,83.36,converged,rcv1_train15k.binary,rcv1_test10k.binary
2025-07-13T07:23:31.942,rcv1,admm,2_4,47236,15,0.01,50,21,189.128,92.33,5.210193,39377,47236,83.36,converged,rcv1_train15k.binary,rcv1_test10k.binary
2025-07-13T07:13:57.594,rcv1,admm,2_4,47236,5,0.01,50,21,263.955,92.15,2.84813,39372,47236,83.35,converged,rcv1_train15k.binary,rcv1_test10k.binary
2025-07-13T07:17:08.617,rcv1,admm,2_4,47236,8,0.01,50,17,162.93,92.12,2.521699,39370,47236,83.35,converged,rcv1_train15k.binary,rcv1_test10k.binary
2025-07-13T07:34:04.244,rcv1,admm,2_4,47236,10,0.01,50,14,132.467,92.08,2.057956,39374,47236,83.36,converged,rcv1_train15k.binary,rcv1_test10k.binary
2025-07-13T07:37:37.760,rcv1,admm,2_4,47236,15,0.01,50,21,186.855,92.34,5.210195,39374,47236,83.36,converged,rcv1_train15k.binary,rcv1_test10k.binary
2025-07-13T07:28:23.875,rcv1,admm,2_4,47236,5,0.01,50,21,261.981,92.15,2.848127,39372,47236,83.35,converged,rcv1_train15k.binary,rcv1_test10k.binary
2025-07-13T07:31:25.303,rcv1,admm,2_4,47236,8,0.01,50,17,157.899,92.12,2.521678,39375,47236,83.36,converged,rcv1_train15k.binary,rcv1_test10k.binary
2025-07-13T07:48:24.436,rcv1,admm,2_4,47236,10,0.01,50,14,140.843,92.08,2.057953,39374,47236,83.36,converged,rcv1_train15k.binary,rcv1_test10k.binary
2025-07-13T07:52:00.252,rcv1,admm,2_4,47236,15,0.01,50,21,188.245,92.33,5.210189,39377,47236,83.36,converged,rcv1_train15k.binary,rcv1_test10k.binary
2025-07-13T07:42:26.815,rcv1,admm,2_4,47236,5,0.01,50,21,259.305,92.15,2.848127,39372,47236,83.35,converged,rcv1_train15k.binary,rcv1_test10k.binary
2025-07-13T07:45:37.185,rcv1,admm,2_4,47236,8,0.01,50,17,162.035,92.12,2.521681,39372,47236,83.35,converged,rcv1_train15k.binary,rcv1_test10k.binary
2025-07-13T21:22:42.766,higgs,admm,2_4,27,8,0.01,50,18,107.917,61.74,0.868,27,27,100,converged,higgs_train15k.binary,higgs_test10k.binary
2025-07-13T21:24:59.894,higgs,admm,2_4,27,8,0.01,50,22,132.755,61.73,0.955932,27,27,100,converged,higgs_train15k.binary,higgs_test10k.binary
2025-07-13T21:26:58.218,higgs,admm,2_4,27,8,0.01,50,18,113.948,61.72,0.867995,27,27,100,converged,higgs_train15k.binary,higgs_test10k.binary
2025-07-13T21:28:58.416,higgs,admm,2_4,27,8,0.01,50,18,115.815,61.74,0.868002,27,27,100,converged,higgs_train15k.binary,higgs_test10k.binary
2025-07-13T21:31:20.948,higgs,admm,2_4,27,8,0.01,50,21,138.136,61.73,0.928238,27,27,100,converged,higgs_train15k.binary,higgs_test10k.binary
2025-07-13T03:13:21.492,rcv1,admm,2_4,47236,10,0.01,50,14,129.738,92.08,2.057954,39374,47236,83.36,converged,rcv1_train15k.binary,rcv1_test10k.binary
2025-07-13T03:16:40.541,rcv1,admm,2_4,47236,15,0.01,50,21,172.958,92.34,5.210246,39376,47236,83.36,converged,rcv1_train15k.binary,rcv1_test10k.binary
2025-07-13T03:07:45.097,rcv1,admm,2_4,47236,5,0.01,50,21,218.445,92.15,2.848134,39372,47236,83.35,converged,rcv1_train15k.binary,rcv1_test10k.binary
2025-07-13T03:10:43.142,rcv1,admm,2_4,47236,8,0.01,50,17,149.032,92.12,2.521689,39372,47236,83.35,converged,rcv1_train15k.binary,rcv1_test10k.binary
2025-07-13T03:26:44.592,rcv1,admm,2_4,47236,10,0.01,50,14,132.034,92.08,2.057953,39374,47236,83.36,converged,rcv1_train15k.binary,rcv1_test10k.binary
2025-07-13T03:30:11.974,rcv1,admm,2_4,47236,15,0.01,50,21,180.183,92.34,5.210189,39377,47236,83.36,converged,rcv1_train15k.binary,rcv1_test10k.binary
2025-07-13T03:21:09.572,rcv1,admm,2_4,47236,5,0.01,50,21,237.433,92.15,2.848137,39371,47236,83.35,converged,rcv1_train15k.binary,rcv1_test10k.binary
2025-07-13T03:24:04.648,rcv1,admm,2_4,47236,8,0.01,50,17,150.437,92.12,2.521688,39373,47236,83.35,converged,rcv1_train15k.binary,rcv1_test10k.binary
2025-07-13T03:40:25.761,rcv1,admm,2_4,47236,10,0.01,50,14,131.958,92.08,2.057958,39374,47236,83.36,converged,rcv1_train15k.binary,rcv1_test10k.binary
2025-07-13T03:43:56.656,rcv1,admm,2_4,47236,15,0.01,50,21,183.038,92.34,5.210212,39373,47236,83.35,converged,rcv1_train15k.binary,rcv1_test10k.binary
2025-07-13T03:34:48.891,rcv1,admm,2_4,47236,5,0.01,50,21,246.025,92.15,2.848137,39371,47236,83.35,converged,rcv1_train15k.binary,rcv1_test10k.binary
2025-07-13T03:37:45.705,rcv1,admm,2_4,47236,8,0.01,50,17,153.403,92.12,2.521694,39370,47236,83.35,converged,rcv1_train15k.binary,rcv1_test10k.binary
2025-07-13T03:54:13.420,rcv1,admm,2_4,47236,10,0.01,50,14,144.192,92.08,2.057953,39374,47236,83.36,converged,rcv1_train15k.binary,rcv1_test10k.binary
2025-07-13T03:57:40.281,rcv1,admm,2_4,47236,15,0.01,50,21,179.494,92.34,5.210195,39374,47236,83.36,converged,rcv1_train15k.binary,rcv1_test10k.binary
2025-07-13T03:48:29.006,rcv1,admm,2_4,47236,5,0.01,50,21,242.033,92.15,2.84813,39372,47236,83.35,converged,rcv1_train15k.binary,rcv1_test10k.binary
2025-07-13T03:51:23.289,rcv1,admm,2_4,47236,8,0.01,50,17,148.56,92.12,2.521691,39371,47236,83.35,converged,rcv1_train15k.binary,rcv1_test10k.binary
2025-07-13T04:08:14.010,rcv1,admm,2_4,47236,10,0.01,50,14,140.454,92.08,2.057956,39374,47236,83.36,converged,rcv1_train15k.binary,rcv1_test10k.binary
2025-07-13T04:11:47.803,rcv1,admm,2_4,47236,15,0.01,50,21,186.54,92.34,5.210246,39376,47236,83.36,converged,rcv1_train15k.binary,rcv1_test10k.binary
2025-07-13T04:02:24.837,rcv1,admm,2_4,47236,5,0.01,50,21,254.331,92.15,2.848137,39371,47236,83.35,converged,rcv1_train15k.binary,rcv1_test10k.binary
2025-07-13T04:05:24.817,rcv1,admm,2_4,47236,8,0.01,50,17,151.476,92.12,2.521688,39371,47236,83.35,converged,rcv1_train15k.binary,rcv1_test10k.binary
2025-07-13T04:22:35.767,rcv1,admm,2_4,47236,10,0.01,50,14,141.943,92.08,2.057958,39374,47236,83.36,converged,rcv1_train15k.binary,rcv1_test10k.binary
2025-07-13T04:26:06.308,rcv1,admm,2_4,47236,15,0.01,50,21,183.271,92.34,5.210213,39372,47236,83.35,converged,rcv1_train15k.binary,rcv1_test10k.binary
2025-07-13T04:16:44.533,rcv1,admm,2_4,47236,5,0.01,50,21,266.656,92.15,2.848134,39372,47236,83.35,converged,rcv1_train15k.binary,rcv1_test10k.binary
2025-07-13T04:19:49.490,rcv1,admm,2_4,47236,8,0.01,50,17,159.122,92.12,2.521688,39371,47236,83.35,converged,rcv1_train15k.binary,rcv1_test10k.binary
2025-07-13T04:36:58.716,rcv1,admm,2_4,47236,10,0.01,50,14,140.039,92.08,2.057953,39374,47236,83.36,converged,rcv1_train15k.binary,rcv1_test10k.binary
2025-07-13T04:40:33.293,rcv1,admm,2_4,47236,15,0.01,50,21,189.11,92.34,5.210232,39377,47236,83.36,converged,rcv1_train15k.binary,rcv1_test10k.binary
2025-07-13T04:31:04.356,rcv1,admm,2_4,47236,5,0.01,50,21,266.936,92.15,2.84813,39372,47236,83.35,converged,rcv1_train15k.binary,rcv1_test10k.binary
2025-07-13T04:34:07.089,rcv1,admm,2_4,47236,8,0.01,50,17,159.475,92.12,2.521681,39372,47236,83.35,converged,rcv1_train15k.binary,rcv1_test10k.binary
2025-07-13T04:51:54.445,rcv1,admm,2_4,47236,10,0.01,50,14,144.07,92.08,2.057958,39374,47236,83.36,converged,rcv1_train15k.binary,rcv1_test10k.binary
2025-07-13T04:55:33.502,rcv1,admm,2_4,47236,15,0.01,50,21,193.284,92.34,5.210254,39377,47236,83.36,converged,rcv1_train15k.binary,rcv1_test10k.binary
2025-07-13T04:45:42.032,rcv1,admm,2_4,47236,5,0.01,50,21,277.922,92.15,2.848137,39371,47236,83.35,converged,rcv1_train15k.binary,rcv1_test10k.binary
2025-07-13T04:48:58.048,rcv1,admm,2_4,47236,8,0.01,50,17,166.836,92.12,2.521684,39370,47236,83.35,converged,rcv1_train15k.binary,rcv1_test10k.binary
2025-07-13T05:06:44.051,rcv1,lbfgs,2_4,47236,10,0.01,100,100,8.044,94.69,472.918262,39378,47236,83.36,max_iterations,rcv1_train15k.binary,rcv1_test10k.binary
2025-07-13T05:10:27.669,rcv1,lbfgs,2_4,47236,15,0.01,100,100,8.997,94.69,472.918262,39378,47236,83.36,max_iterations,rcv1_train15k.binary,rcv1_test10k.binary
2025-07-13T05:00:44.041,rcv1,lbfgs,2_4,47236,5,0.01,100,100,5.409,94.69,472.918262,39378,47236,83.36,max_iterations,rcv1_train15k.binary,rcv1_test10k.binary
2025-07-13T05:03:54.469,rcv1,lbfgs,2_4,47236,8,0.01,100,100,7.274,94.69,472.918262,39378,47236,83.36,max_iterations,rcv1_train15k.binary,rcv1_test10k.binary
2025-07-13T05:21:57.139,rcv1,lbfgs,2_4,47236,10,0.01,100,100,9.281,94.69,472.918262,39378,47236,83.36,max_iterations,rcv1_train15k.binary,rcv1_test10k.binary
2025-07-13T05:25:41.503,rcv1,lbfgs,2_4,47236,15,0.01,100,100,9.45,94.69,472.918262,39378,47236,83.36,max_iterations,rcv1_train15k.binary,rcv1_test10k.binary
2025-07-13T05:15:47.489,rcv1,lbfgs,2_4,47236,5,0.01,100,100,5.706,94.69,472.918262,39378,47236,83.36,max_iterations,rcv1_train15k.binary,rcv1_test10k.binary
2025-07-13T05:19:02.641,rcv1,lbfgs,2_4,47236,8,0.01,100,100,7.01,94.69,472.918262,39378,47236,83.36,max_iterations,rcv1_train15k.binary,rcv1_test10k.binary
2025-07-13T05:37:04.778,rcv1,lbfgs,2_4,47236,10,0.01,100,100,9.38,94.69,472.918262,39378,47236,83.36,max_iterations,rcv1_train15k.binary,rcv1_test10k.binary
2025-07-13T05:40:46.714,rcv1,lbfgs,2_4,47236,15,0.01,100,100,9.626,94.69,472.918262,39378,47236,83.36,max_iterations,rcv1_train15k.binary,rcv1_test10k.binary
2025-07-13T05:30:48.846,rcv1,lbfgs,2_4,47236,5,0.01,100,100,5.945,94.69,472.918262,39378,47236,83.36,max_iterations,rcv1_train15k.binary,rcv1_test10k.binary
2025-07-13T05:34:09.038,rcv1,lbfgs,2_4,47236,8,0.01,100,100,7.667,94.69,472.918262,39378,47236,83.36,max_iterations,rcv1_train15k.binary,rcv1_test10k.binary
2025-07-13T05:51:46.644,rcv1,lbfgs,2_4,47236,10,0.01,100,100,8.67,94.69,472.918262,39378,47236,83.36,max_iterations,rcv1_train15k.binary,rcv1_test10k.binary
2025-07-13T05:55:38.793,rcv1,lbfgs,2_4,47236,15,0.01,100,100,10.026,94.69,472.918262,39378,47236,83.36,max_iterations,rcv1_train15k.binary,rcv1_test10k.binary
2025-07-13T05:45:42.150,rcv1,lbfgs,2_4,47236,5,0.01,100,100,5.884,94.69,472.918262,39378,47236,83.36,max_iterations,rcv1_train15k.binary,rcv1_test10k.binary
2025-07-13T05:48:52.664,rcv1,lbfgs,2_4,47236,8,0.01,100,100,7.429,94.69,472.918262,39378,47236,83.36,max_iterations,rcv1_train15k.binary,rcv1_test10k.binary
2025-07-13T06:06:48.264,rcv1,lbfgs,2_4,47236,10,0.01,100,100,8.711,94.69,472.918262,39378,47236,83.36,max_iterations,rcv1_train15k.binary,rcv1_test10k.binary
2025-07-13T06:10:31.811,rcv1,lbfgs,2_4,47236,15,0.01,100,100,9.642,94.69,472.918262,39378,47236,83.36,max_iterations,rcv1_train15k.binary,rcv1_test10k.binary
2025-07-13T06:00:40.739,rcv1,lbfgs,2_4,47236,5,0.01,100,100,6.004,94.69,472.918262,39378,47236,83.36,max_iterations,rcv1_train15k.binary,rcv1_test10k.binary
2025-07-13T06:03:53.142,rcv1,lbfgs,2_4,47236,8,0.01,100,100,7.627,94.69,472.918262,39378,47236,83.36,max_iterations,rcv1_train15k.binary,rcv1_test10k.binary
2025-07-13T06:21:43.790,rcv1,lbfgs,2_4,47236,10,0.01,100,100,8.622,94.69,472.918262,39378,47236,83.36,max_iterations,rcv1_train15k.binary,rcv1_test10k.binary
2025-07-13T06:25:25.112,rcv1,lbfgs,2_4,47236,15,0.01,100,100,9.516,94.69,472.918262,39378,47236,83.36,max_iterations,rcv1_train15k.binary,rcv1_test10k.binary
2025-07-13T06:15:27.846,rcv1,lbfgs,2_4,47236,5,0.01,100,100,5.87,94.69,472.918262,39378,47236,83.36,max_iterations,rcv1_train15k.binary,rcv1_test10k.binary
2025-07-13T06:18:50.355,rcv1,lbfgs,2_4,47236,8,0.01,100,100,7.467,94.69,472.918262,39378,47236,83.36,max_iterations,rcv1_train15k.binary,rcv1_test10k.binary
2025-07-13T06:36:15.120,rcv1,lbfgs,2_4,47236,10,0.01,100,100,8.97,94.69,472.918262,39378,47236,83.36,max_iterations,rcv1_train15k.binary,rcv1_test10k.binary
2025-07-13T06:39:55.875,rcv1,lbfgs,2_4,47236,15,0.01,100,100,9.62,94.69,472.918262,39378,47236,83.36,max_iterations,rcv1_train15k.binary,rcv1_test10k.binary
2025-07-13T06:30:16.702,rcv1,lbfgs,2_4,47236,5,0.01,100,100,5.95,94.69,472.918262,39378,47236,83.36,max_iterations,rcv1_train15k.binary,rcv1_test10k.binary
2025-07-13T06:33:23.574,rcv1,lbfgs,2_4,47236,8,0.01,100,100,7.375,94.69,472.918262,39378,47236,83.36,max_iterations,rcv1_train15k.binary,rcv1_test10k.binary
2025-07-13T06:50:53.339,rcv1,lbfgs,2_4,47236,10,0.01,100,100,8.569,94.69,472.918262,39378,47236,83.36,max_iterations,rcv1_train15k.binary,rcv1_test10k.binary
2025-07-13T06:54:31.971,rcv1,lbfgs,2_4,47236,15,0.01,100,100,9.525,94.69,472.918262,39378,47236,83.36,max_iterations,rcv1_train15k.binary,rcv1_test10k.binary
2025-07-13T06:44:53.150,rcv1,lbfgs,2_4,47236,5,0.01,100,100,5.903,94.69,472.918262,39378,47236,83.36,max_iterations,rcv1_train15k.binary,rcv1_test10k.binary
2025-07-13T06:47:59.893,rcv1,lbfgs,2_4,47236,8,0.01,100,100,7.366,94.69,472.918262,39378,47236,83.36,max_iterations,rcv1_train15k.binary,rcv1_test10k.binary
2025-07-13T07:05:34.629,rcv1,lbfgs,2_4,47236,10,0.01,100,100,8.903,94.69,472.918262,39378,47236,83.36,max_iterations,rcv1_train15k.binary,rcv1_test10k.binary
2025-07-13T07:09:14.125,rcv1,lbfgs,2_4,47236,15,0.01,100,100,9.677,94.69,472.918262,39378,47236,83.36,max_iterations,rcv1_train15k.binary,rcv1_test10k.binary
2025-07-13T06:59:28.835,rcv1,lbfgs,2_4,47236,5,0.01,100,100,6.115,94.69,472.918262,39378,47236,83.36,max_iterations,rcv1_train15k.binary,rcv1_test10k.binary
2025-07-13T07:02:39.189,rcv1,lbfgs,2_4,47236,8,0.01,100,100,7.599,94.69,472.918262,39378,47236,83.36,max_iterations,rcv1_train15k.binary,rcv1_test10k.binary
2025-07-13T07:20:05.278,rcv1,lbfgs,2_4,47236,10,0.01,100,100,8.56,94.69,472.918262,39378,47236,83.36,max_iterations,rcv1_train15k.binary,rcv1_test10k.binary
2025-07-13T07:23:42.304,rcv1,lbfgs,2_4,47236,15,0.01,100,100,9.611,94.69,472.918262,39378,47236,83.36,max_iterations,rcv1_train15k.binary,rcv1_test10k.binary
2025-07-13T07:14:04.399,rcv1,lbfgs,2_4,47236,5,0.01,100,100,6.011,94.69,472.918262,39378,47236,83.36,max_iterations,rcv1_train15k.binary,rcv1_test10k.binary
2025-07-13T07:17:16.857,rcv1,lbfgs,2_4,47236,8,0.01,100,100,7.512,94.69,472.918262,39378,47236,83.36,max_iterations,rcv1_train15k.binary,rcv1_test10k.binary
2025-07-13T07:34:13.646,rcv1,lbfgs,2_4,47236,10,0.01,100,100,8.7,94.69,472.918262,39378,47236,83.36,max_iterations,rcv1_train15k.binary,rcv1_test10k.binary
2025-07-13T07:37:48.081,rcv1,lbfgs,2_4,47236,15,0.01,100,100,9.601,94.69,472.918262,39378,47236,83.36,max_iterations,rcv1_train15k.binary,rcv1_test10k.binary
2025-07-13T07:28:30.618,rcv1,lbfgs,2_4,47236,5,0.01,100,100,6.009,94.69,472.918262,39378,47236,83.36,max_iterations,rcv1_train15k.binary,rcv1_test10k.binary
2025-07-13T07:31:33.474,rcv1,lbfgs,2_4,47236,8,0.01,100,100,7.448,94.69,472.918262,39378,47236,83.36,max_iterations,rcv1_train15k.binary,rcv1_test10k.binary
2025-07-13T07:48:33.839,rcv1,lbfgs,2_4,47236,10,0.01,100,100,8.652,94.69,472.918262,39378,47236,83.36,max_iterations,rcv1_train15k.binary,rcv1_test10k.binary
2025-07-13T07:52:10.519,rcv1,lbfgs,2_4,47236,15,0.01,100,100,9.542,94.69,472.918262,39378,47236,83.36,max_iterations,rcv1_train15k.binary,rcv1_test10k.binary
2025-07-13T07:42:33.470,rcv1,lbfgs,2_4,47236,5,0.01,100,100,5.905,94.69,472.918262,39378,47236,83.36,max_iterations,rcv1_train15k.binary,rcv1_test10k.binary
2025-07-13T07:45:45.392,rcv1,lbfgs,2_4,47236,8,0.01,100,100,7.502,94.69,472.918262,39378,47236,83.36,max_iterations,rcv1_train15k.binary,rcv1_test10k.binary
2025-07-13T21:22:46.626,higgs,lbfgs,2_4,27,8,0.01,100,100,3.47,64.07,2.775453,27,27,100,max_iterations,higgs_train15k.binary,higgs_test10k.binary
2025-07-13T21:25:03.821,higgs,lbfgs,2_4,27,8,0.01,100,100,3.512,64.07,2.775453,27,27,100,max_iterations,higgs_train15k.binary,higgs_test10k.binary
2025-07-13T21:27:02.157,higgs,lbfgs,2_4,27,8,0.01,100,100,3.539,64.07,2.775453,27,27,100,max_iterations,higgs_train15k.binary,higgs_test10k.binary
2025-07-13T21:29:02.355,higgs,lbfgs,2_4,27,8,0.01,100,100,3.544,64.07,2.775453,27,27,100,max_iterations,higgs_train15k.binary,higgs_test10k.binary
2025-07-13T21:31:24.765,higgs,lbfgs,2_4,27,8,0.01,100,100,3.438,64.07,2.775453,27,27,100,max_iterations,higgs_train15k.binary,higgs_test10k.binary
2025-07-13T03:13:31.134,rcv1,lbfgs,2_4,47236,10,0.01,100,100,8.845,94.69,472.918262,39378,47236,83.36,max_iterations,rcv1_train15k.binary,rcv1_test10k.binary
2025-07-13T03:16:51.005,rcv1,lbfgs,2_4,47236,15,0.01,100,100,9.741,94.69,472.918262,39378,47236,83.36,max_iterations,rcv1_train15k.binary,rcv1_test10k.binary
2025-07-13T03:07:56.730,rcv1,lbfgs,2_4,47236,5,0.01,100,100,9.808,94.69,472.918262,39378,47236,83.36,max_iterations,rcv1_train15k.binary,rcv1_test10k.binary
2025-07-13T03:10:52.087,rcv1,lbfgs,2_4,47236,8,0.01,100,100,8.201,94.69,472.918262,39378,47236,83.36,max_iterations,rcv1_train15k.binary,rcv1_test10k.binary
2025-07-13T03:26:53.842,rcv1,lbfgs,2_4,47236,10,0.01,100,100,8.427,94.69,472.918262,39378,47236,83.36,max_iterations,rcv1_train15k.binary,rcv1_test10k.binary
2025-07-13T03:30:22.107,rcv1,lbfgs,2_4,47236,15,0.01,100,100,9.406,94.69,472.918262,39378,47236,83.36,max_iterations,rcv1_train15k.binary,rcv1_test10k.binary
2025-07-13T03:21:16.154,rcv1,lbfgs,2_4,47236,5,0.01,100,100,5.79,94.69,472.918262,39378,47236,83.36,max_iterations,rcv1_train15k.binary,rcv1_test10k.binary
2025-07-13T03:24:12.727,rcv1,lbfgs,2_4,47236,8,0.01,100,100,7.369,94.69,472.918262,39378,47236,83.36,max_iterations,rcv1_train15k.binary,rcv1_test10k.binary
2025-07-13T03:40:36.985,rcv1,lbfgs,2_4,47236,10,0.01,100,100,10.53,94.69,472.918262,39378,47236,83.36,max_iterations,rcv1_train15k.binary,rcv1_test10k.binary
2025-07-13T03:44:06.189,rcv1,lbfgs,2_4,47236,15,0.01,100,100,8.816,94.69,472.918262,39378,47236,83.36,max_iterations,rcv1_train15k.binary,rcv1_test10k.binary
2025-07-13T03:34:55.727,rcv1,lbfgs,2_4,47236,5,0.01,100,100,5.93,94.69,472.918262,39378,47236,83.36,max_iterations,rcv1_train15k.binary,rcv1_test10k.binary
2025-07-13T03:37:53.577,rcv1,lbfgs,2_4,47236,8,0.01,100,100,7.194,94.69,472.918262,39378,47236,83.36,max_iterations,rcv1_train15k.binary,rcv1_test10k.binary
2025-07-13T03:54:22.351,rcv1,lbfgs,2_4,47236,10,0.01,100,100,8.253,94.69,472.918262,39378,47236,83.36,max_iterations,rcv1_train15k.binary,rcv1_test10k.binary
2025-07-13T03:57:52.090,rcv1,lbfgs,2_4,47236,15,0.01,100,100,11.125,94.69,472.918262,39378,47236,83.36,max_iterations,rcv1_train15k.binary,rcv1_test10k.binary
2025-07-13T03:48:35.264,rcv1,lbfgs,2_4,47236,5,0.01,100,100,5.569,94.69,472.918262,39378,47236,83.36,max_iterations,rcv1_train15k.binary,rcv1_test10k.binary
2025-07-13T03:51:30.921,rcv1,lbfgs,2_4,47236,8,0.01,100,100,6.952,94.69,472.918262,39378,47236,83.36,max_iterations,rcv1_train15k.binary,rcv1_test10k.binary
2025-07-13T04:08:22.813,rcv1,lbfgs,2_4,47236,10,0.01,100,100,8.126,94.69,472.918262,39378,47236,83.36,max_iterations,rcv1_train15k.binary,rcv1_test10k.binary
2025-07-13T04:11:57.279,rcv1,lbfgs,2_4,47236,15,0.01,100,100,8.705,94.69,472.918262,39378,47236,83.36,max_iterations,rcv1_train15k.binary,rcv1_test10k.binary
2025-07-13T04:02:31.105,rcv1,lbfgs,2_4,47236,5,0.01,100,100,5.586,94.69,472.918262,39378,47236,83.36,max_iterations,rcv1_train15k.binary,rcv1_test10k.binary
2025-07-13T04:05:32.324,rcv1,lbfgs,2_4,47236,8,0.01,100,100,6.862,94.69,472.918262,39378,47236,83.36,max_iterations,rcv1_train15k.binary,rcv1_test10k.binary
2025-07-13T04:22:44.375,rcv1,lbfgs,2_4,47236,10,0.01,100,100,7.93,94.69,472.918262,39378,47236,83.36,max_iterations,rcv1_train15k.binary,rcv1_test10k.binary
2025-07-13T04:26:18.171,rcv1,lbfgs,2_4,47236,15,0.01,100,100,11.167,94.69,472.918262,39378,47236,83.36,max_iterations,rcv1_train15k.binary,rcv1_test10k.binary
2025-07-13T04:16:50.633,rcv1,lbfgs,2_4,47236,5,0.01,100,100,5.402,94.69,472.918262,39378,47236,83.36,max_iterations,rcv1_train15k.binary,rcv1_test10k.binary
2025-07-13T04:19:56.928,rcv1,lbfgs,2_4,47236,8,0.01,100,100,6.763,94.69,472.918262,39378,47236,83.36,max_iterations,rcv1_train15k.binary,rcv1_test10k.binary
2025-07-13T04:37:07.258,rcv1,lbfgs,2_4,47236,10,0.01,100,100,7.857,94.69,472.918262,39378,47236,83.36,max_iterations,rcv1_train15k.binary,rcv1_test10k.binary
2025-07-13T04:40:45.180,rcv1,lbfgs,2_4,47236,15,0.01,100,100,11.172,94.69,472.918262,39378,47236,83.36,max_iterations,rcv1_train15k.binary,rcv1_test10k.binary
2025-07-13T04:31:10.513,rcv1,lbfgs,2_4,47236,5,0.01,100,100,5.475,94.69,472.918262,39378,47236,83.36,max_iterations,rcv1_train15k.binary,rcv1_test10k.binary
2025-07-13T04:34:16.904,rcv1,lbfgs,2_4,47236,8,0.01,100,100,9.128,94.69,472.918262,39378,47236,83.36,max_iterations,rcv1_train15k.binary,rcv1_test10k.binary
2025-07-13T04:52:03.206,rcv1,lbfgs,2_4,47236,10,0.01,100,100,8.048,94.69,472.918262,39378,47236,83.36,max_iterations,rcv1_train15k.binary,rcv1_test10k.binary
2025-07-13T04:55:45.579,rcv1,lbfgs,2_4,47236,15,0.01,100,100,11.331,94.69,472.918262,39378,47236,83.36,max_iterations,rcv1_train15k.binary,rcv1_test10k.binary
2025-07-13T04:45:48.237,rcv1,lbfgs,2_4,47236,5,0.01,100,100,5.487,94.69,472.918262,39378,47236,83.36,max_iterations,rcv1_train15k.binary,rcv1_test10k.binary
2025-07-13T04:49:05.570,rcv1,lbfgs,2_4,47236,8,0.01,100,100,6.873,94.69,472.918262,39378,47236,83.36,max_iterations,rcv1_train15k.binary,rcv1_test10k.binary
2025-07-13T17:15:06.203886431,rcv1,admm,4_0,47236,10,0.01,50,14,95.029,92.08,2.057954,39376,47236,83.36,converged,rcv1_train15k.binary,rcv1_test10k.binary
2025-07-13T17:27:18.178102104,rcv1,admm,4_0,47236,15,0.01,50,21,138.071,92.34,5.210244,39378,47236,83.36,converged,rcv1_train15k.binary,rcv1_test10k.binary
2025-07-13T17:21:03.608518174,rcv1,admm,4_0,47236,5,0.01,50,21,170.182,92.14,2.848139,39371,47236,83.35,converged,rcv1_train15k.binary,rcv1_test10k.binary
2025-07-13T17:13:15.982127052,rcv1,admm,4_0,47236,8,0.01,50,17,108.213,92.12,2.52166,39370,47236,83.35,converged,rcv1_train15k.binary,rcv1_test10k.binary
2025-07-13T17:24:44.949494291,rcv1,admm,4_0,47236,10,0.01,50,14,85.524,92.08,2.057948,39373,47236,83.35,converged,rcv1_train15k.binary,rcv1_test10k.binary
2025-07-13T17:36:40.505592063,rcv1,admm,4_0,47236,15,0.01,50,21,143.169,92.34,5.21018,39378,47236,83.36,converged,rcv1_train15k.binary,rcv1_test10k.binary
2025-07-13T17:30:12.887763503,rcv1,admm,4_0,47236,5,0.01,50,21,157.116,92.14,2.848139,39371,47236,83.35,converged,rcv1_train15k.binary,rcv1_test10k.binary
2025-07-13T17:23:04.294860846,rcv1,admm,4_0,47236,8,0.01,50,17,107.284,92.12,2.521675,39371,47236,83.35,converged,rcv1_train15k.binary,rcv1_test10k.binary
2025-07-13T17:34:02.028524895,rcv1,admm,4_0,47236,10,0.01,50,14,97.682,92.08,2.057957,39374,47236,83.36,converged,rcv1_train15k.binary,rcv1_test10k.binary
2025-07-13T17:46:15.414447378,rcv1,admm,4_0,47236,15,0.01,50,21,147.756,92.34,5.210227,39376,47236,83.36,converged,rcv1_train15k.binary,rcv1_test10k.binary
2025-07-13T17:39:39.593927464,rcv1,admm,4_0,47236,5,0.01,50,21,161.778,92.15,2.848127,39371,47236,83.35,converged,rcv1_train15k.binary,rcv1_test10k.binary
2025-07-13T17:32:08.924572236,rcv1,admm,4_0,47236,8,0.01,50,17,102.848,92.12,2.521677,39373,47236,83.35,converged,rcv1_train15k.binary,rcv1_test10k.binary
2025-07-13T17:43:32.247809263,rcv1,admm,4_0,47236,10,0.01,50,14,98.856,92.08,2.057954,39374,47236,83.36,converged,rcv1_train15k.binary,rcv1_test10k.binary
2025-07-13T17:55:41.042512583,rcv1,admm,4_0,47236,15,0.01,50,21,139.361,92.34,5.210184,39377,47236,83.36,converged,rcv1_train15k.binary,rcv1_test10k.binary
2025-07-13T17:49:17.486447896,rcv1,admm,4_0,47236,5,0.01,50,21,164.727,92.15,2.84813,39371,47236,83.35,converged,rcv1_train15k.binary,rcv1_test10k.binary
2025-07-13T17:41:38.094095921,rcv1,admm,4_0,47236,8,0.01,50,17,105.082,92.12,2.521672,39372,47236,83.35,converged,rcv1_train15k.binary,rcv1_test10k.binary
2025-07-13T17:53:06.001205152,rcv1,admm,4_0,47236,10,0.01,50,14,89.219,92.08,2.057954,39374,47236,83.36,converged,rcv1_train15k.binary,rcv1_test10k.binary
2025-07-13T18:05:04.703518550,rcv1,admm,4_0,47236,15,0.01,50,21,144.607,92.34,5.210194,39378,47236,83.36,converged,rcv1_train15k.binary,rcv1_test10k.binary
2025-07-13T17:58:37.462334460,rcv1,admm,4_0,47236,5,0.01,50,21,158.808,92.15,2.848127,39371,47236,83.35,converged,rcv1_train15k.binary,rcv1_test10k.binary
2025-07-13T17:51:21.257784203,rcv1,admm,4_0,47236,8,0.01,50,17,110.459,92.12,2.521672,39372,47236,83.35,converged,rcv1_train15k.binary,rcv1_test10k.binary
2025-07-13T18:02:24.796268598,rcv1,admm,4_0,47236,10,0.01,50,14,96.425,92.08,2.057958,39374,47236,83.36,converged,rcv1_train15k.binary,rcv1_test10k.binary
2025-07-13T18:14:43.651124522,rcv1,admm,4_0,47236,15,0.01,50,21,151.836,92.34,5.210211,39377,47236,83.36,converged,rcv1_train15k.binary,rcv1_test10k.binary
2025-07-13T18:08:08.196237746,rcv1,admm,4_0,47236,5,0.01,50,21,166.159,92.14,2.848139,39371,47236,83.35,converged,rcv1_train15k.binary,rcv1_test10k.binary
2025-07-13T18:00:33.118811590,rcv1,admm,4_0,47236,8,0.01,50,17,102.258,92.12,2.521689,39372,47236,83.35,converged,rcv1_train15k.binary,rcv1_test10k.binary
2025-07-13T18:11:56.263789996,rcv1,admm,4_0,47236,10,0.01,50,14,93.264,92.08,2.057952,39374,47236,83.36,converged,rcv1_train15k.binary,rcv1_test10k.binary
2025-07-13T18:24:48.101792573,rcv1,admm,4_0,47236,15,0.01,50,21,141.601,92.34,5.210189,39378,47236,83.36,converged,rcv1_train15k.binary,rcv1_test10k.binary
2025-07-13T18:17:52.044390177,rcv1,admm,4_0,47236,5,0.01,50,21,170.781,92.15,2.848136,39371,47236,83.35,converged,rcv1_train15k.binary,rcv1_test10k.binary
2025-07-13T18:10:07.914587124,rcv1,admm,4_0,47236,8,0.01,50,17,106.507,92.12,2.521673,39371,47236,83.35,converged,rcv1_train15k.binary,rcv1_test10k.binary
2025-07-13T18:22:11.256452314,rcv1,admm,4_0,47236,10,0.01,50,14,109.525,92.08,2.057952,39374,47236,83.36,converged,rcv1_train15k.binary,rcv1_test10k.binary
2025-07-13T18:34:09.259294052,rcv1,admm,4_0,47236,15,0.01,50,21,142.034,92.34,5.210216,39378,47236,83.36,converged,rcv1_train15k.binary,rcv1_test10k.binary
2025-07-13T18:27:44.817354288,rcv1,admm,4_0,47236,5,0.01,50,21,158.143,92.15,2.848127,39371,47236,83.35,converged,rcv1_train15k.binary,rcv1_test10k.binary
2025-07-13T18:20:02.126247941,rcv1,admm,4_0,47236,8,0.01,50,17,116.242,92.12,2.521672,39372,47236,83.35,converged,rcv1_train15k.binary,rcv1_test10k.binary
2025-07-13T18:31:32.071850383,rcv1,admm,4_0,47236,10,0.01,50,14,97.599,92.08,2.057952,39374,47236,83.36,converged,rcv1_train15k.binary,rcv1_test10k.binary
2025-07-13T18:43:41.546099203,rcv1,admm,4_0,47236,15,0.01,50,21,147.136,92.34,5.210216,39378,47236,83.36,converged,rcv1_train15k.binary,rcv1_test10k.binary
2025-07-13T18:37:07.941111742,rcv1,admm,4_0,47236,5,0.01,50,21,161.312,92.15,2.84813,39371,47236,83.35,converged,rcv1_train15k.binary,rcv1_test10k.binary
2025-07-13T18:29:39.208872906,rcv1,admm,4_0,47236,8,0.01,50,17,101.211,92.12,2.521677,39370,47236,83.35,converged,rcv1_train15k.binary,rcv1_test10k.binary
2025-07-13T18:40:59.316615356,rcv1,admm,4_0,47236,10,0.01,50,14,98.066,92.08,2.057953,39374,47236,83.36,converged,rcv1_train15k.binary,rcv1_test10k.binary
2025-07-13T18:53:12.480073147,rcv1,admm,4_0,47236,15,0.01,50,21,144.869,92.34,5.210235,39378,47236,83.36,converged,rcv1_train15k.binary,rcv1_test10k.binary
2025-07-13T18:46:43.653632081,rcv1,admm,4_0,47236,5,0.01,50,21,164.559,92.15,2.848127,39371,47236,83.35,converged,rcv1_train15k.binary,rcv1_test10k.binary
2025-07-13T18:39:06.100597187,rcv1,admm,4_0,47236,8,0.01,50,17,104.773,92.12,2.521689,39372,47236,83.35,converged,rcv1_train15k.binary,rcv1_test10k.binary
2025-07-13T18:50:32.560452267,rcv1,admm,4_0,47236,10,0.01,50,14,94.65,92.08,2.05795,39375,47236,83.36,converged,rcv1_train15k.binary,rcv1_test10k.binary
2025-07-13T19:02:30.863921366,rcv1,admm,4_0,47236,15,0.01,50,21,145.176,92.34,5.210202,39377,47236,83.36,converged,rcv1_train15k.binary,rcv1_test10k.binary
2025-07-13T18:56:07.840822237,rcv1,admm,4_0,47236,5,0.01,50,21,158.104,92.15,2.848127,39371,47236,83.35,converged,rcv1_train15k.binary,rcv1_test10k.binary
2025-07-13T18:48:42.965208521,rcv1,admm,4_0,47236,8,0.01,50,17,106.051,92.12,2.521677,39373,47236,83.35,converged,rcv1_train15k.binary,rcv1_test10k.binary
2025-07-13T18:59:50.690149291,rcv1,admm,4_0,47236,10,0.01,50,14,91.059,92.08,2.057958,39374,47236,83.36,converged,rcv1_train15k.binary,rcv1_test10k.binary
2025-07-13T19:12:13.907422732,rcv1,admm,4_0,47236,15,0.01,50,21,151.304,92.34,5.210222,39378,47236,83.36,converged,rcv1_train15k.binary,rcv1_test10k.binary
2025-07-13T19:05:33.488017242,rcv1,admm,4_0,47236,5,0.01,50,21,165.209,92.15,2.848136,39371,47236,83.35,converged,rcv1_train15k.binary,rcv1_test10k.binary
2025-07-13T18:58:04.359378613,rcv1,admm,4_0,47236,8,0.01,50,17,103.213,92.12,2.521672,39372,47236,83.35,converged,rcv1_train15k.binary,rcv1_test10k.binary
2025-07-13T16:11:58.286520190,rcv1,admm,4_0,47236,15,0.01,50,21,135.343,92.34,5.210183,39378,47236,83.36,converged,rcv1_train15k.binary,rcv1_test10k.binary
2025-07-13T16:05:52.943315969,rcv1,admm,4_0,47236,5,0.01,50,21,147.124,92.15,2.848127,39371,47236,83.35,converged,rcv1_train15k.binary,rcv1_test10k.binary
2025-07-13T22:07:08.649685474,higgs,admm,4_0,27,8,0.01,50,18,49.648,61.6,0.851782,27,27,100,converged,higgs_train15k.binary,higgs_test10k.binary
2025-07-13T16:09:26.881998354,rcv1,admm,4_0,47236,10,0.01,50,14,89.425,92.08,2.057962,39374,47236,83.36,converged,rcv1_train15k.binary,rcv1_test10k.binary
2025-07-13T16:21:25.234049182,rcv1,admm,4_0,47236,15,0.01,50,21,146.946,92.34,5.210186,39377,47236,83.36,converged,rcv1_train15k.binary,rcv1_test10k.binary
2025-07-13T16:14:50.792219351,rcv1,admm,4_0,47236,5,0.01,50,21,154.499,92.15,2.84813,39371,47236,83.35,converged,rcv1_train15k.binary,rcv1_test10k.binary
2025-07-13T16:07:40.976119804,rcv1,admm,4_0,47236,8,0.01,50,17,94.011,92.12,2.521673,39371,47236,83.35,converged,rcv1_train15k.binary,rcv1_test10k.binary
2025-07-13T16:18:42.585811846,rcv1,admm,4_0,47236,10,0.01,50,14,96.266,92.08,2.057953,39374,47236,83.36,converged,rcv1_train15k.binary,rcv1_test10k.binary
2025-07-13T16:30:22.370485876,rcv1,admm,4_0,47236,15,0.01,50,21,140.197,92.34,5.210221,39377,47236,83.36,converged,rcv1_train15k.binary,rcv1_test10k.binary
2025-07-13T16:24:16.191391807,rcv1,admm,4_0,47236,5,0.01,50,21,153.157,92.14,2.848139,39371,47236,83.35,converged,rcv1_train15k.binary,rcv1_test10k.binary
2025-07-13T16:16:50.446575178,rcv1,admm,4_0,47236,8,0.01,50,17,106.015,92.12,2.521677,39373,47236,83.35,converged,rcv1_train15k.binary,rcv1_test10k.binary
2025-07-13T16:27:46.955245675,rcv1,admm,4_0,47236,10,0.01,50,14,85.475,92.08,2.057954,39376,47236,83.36,converged,rcv1_train15k.binary,rcv1_test10k.binary
2025-07-13T16:39:35.670748778,rcv1,admm,4_0,47236,15,0.01,50,21,145.362,92.34,5.210178,39378,47236,83.36,converged,rcv1_train15k.binary,rcv1_test10k.binary
2025-07-13T16:33:15.669127540,rcv1,admm,4_0,47236,5,0.01,50,21,155.541,92.15,2.84813,39371,47236,83.35,converged,rcv1_train15k.binary,rcv1_test10k.binary
2025-07-13T16:26:06.133377501,rcv1,admm,4_0,47236,8,0.01,50,17,96.642,92.12,2.521658,39374,47236,83.36,converged,rcv1_train15k.binary,rcv1_test10k.binary
2025-07-13T16:36:54.801384403,rcv1,admm,4_0,47236,10,0.01,50,14,89.466,92.08,2.057952,39373,47236,83.35,converged,rcv1_train15k.binary,rcv1_test10k.binary
2025-07-13T16:49:28.102552092,rcv1,admm,4_0,47236,15,0.01,50,21,152.412,92.34,5.210198,39378,47236,83.36,converged,rcv1_train15k.binary,rcv1_test10k.binary
2025-07-13T16:42:36.691102387,rcv1,admm,4_0,47236,5,0.01,50,21,163.387,92.15,2.848127,39371,47236,83.35,converged,rcv1_train15k.binary,rcv1_test10k.binary
2025-07-13T16:35:09.841686337,rcv1,admm,4_0,47236,8,0.01,50,17,100.924,92.12,2.521677,39370,47236,83.35,converged,rcv1_train15k.binary,rcv1_test10k.binary
2025-07-13T16:46:40.159503406,rcv1,admm,4_0,47236,10,0.01,50,14,102.964,92.08,2.057954,39374,47236,83.36,converged,rcv1_train15k.binary,rcv1_test10k.binary
2025-07-13T16:58:49.918463682,rcv1,admm,4_0,47236,15,0.01,50,21,138.839,92.34,5.210242,39377,47236,83.36,converged,rcv1_train15k.binary,rcv1_test10k.binary
2025-07-13T16:52:35.439832802,rcv1,admm,4_0,47236,5,0.01,50,21,169.617,92.15,2.84813,39371,47236,83.35,converged,rcv1_train15k.binary,rcv1_test10k.binary
2025-07-13T16:44:38.965761340,rcv1,admm,4_0,47236,8,0.01,50,17,108.335,92.12,2.521677,39373,47236,83.35,converged,rcv1_train15k.binary,rcv1_test10k.binary
2025-07-13T16:56:15.747366134,rcv1,admm,4_0,47236,10,0.01,50,14,94.245,92.08,2.057952,39374,47236,83.36,converged,rcv1_train15k.binary,rcv1_test10k.binary
2025-07-13T17:08:12.018698551,rcv1,admm,4_0,47236,15,0.01,50,21,147.696,92.34,5.210227,39376,47236,83.36,converged,rcv1_train15k.binary,rcv1_test10k.binary
2025-07-13T17:01:47.591110541,rcv1,admm,4_0,47236,5,0.01,50,21,160.054,92.15,2.84813,39371,47236,83.35,converged,rcv1_train15k.binary,rcv1_test10k.binary
2025-07-13T16:54:26.183215804,rcv1,admm,4_0,47236,8,0.01,50,17,97.422,92.12,2.521658,39374,47236,83.36,converged,rcv1_train15k.binary,rcv1_test10k.binary
2025-07-13T17:05:28.923643679,rcv1,admm,4_0,47236,10,0.01,50,14,89.967,92.08,2.05795,39374,47236,83.36,converged,rcv1_train15k.binary,rcv1_test10k.binary
2025-07-13T17:17:55.996842010,rcv1,admm,4_0,47236,15,0.01,50,21,153.988,92.34,5.210225,39377,47236,83.36,converged,rcv1_train15k.binary,rcv1_test10k.binary
2025-07-13T17:11:14.590665151,rcv1,admm,4_0,47236,5,0.01,50,21,165.11,92.15,2.848127,39371,47236,83.35,converged,rcv1_train15k.binary,rcv1_test10k.binary
2025-07-13T17:03:43.770290266,rcv1,admm,4_0,47236,8,0.01,50,17,103.023,92.12,2.521689,39372,47236,83.35,converged,rcv1_train15k.binary,rcv1_test10k.binary
2025-07-13T17:15:10.643839988,rcv1,lbfgs,4_0,47236,10,0.01,100,100,3.835,94.69,472.904261,39378,47236,83.36,max_iterations,rcv1_train15k.binary,rcv1_test10k.binary
2025-07-13T17:27:22.962304528,rcv1,lbfgs,4_0,47236,15,0.01,100,100,4.188,94.69,472.904261,39378,47236,83.36,max_iterations,rcv1_train15k.binary,rcv1_test10k.binary
2025-07-13T17:21:06.295847174,rcv1,lbfgs,4_0,47236,5,0.01,100,100,2.052,94.69,472.904261,39378,47236,83.36,max_iterations,rcv1_train15k.binary,rcv1_test10k.binary
2025-07-13T17:13:20.012177529,rcv1,lbfgs,4_0,47236,8,0.01,100,100,3.406,94.69,472.904261,39378,47236,83.36,max_iterations,rcv1_train15k.binary,rcv1_test10k.binary
2025-07-13T17:24:49.335326461,rcv1,lbfgs,4_0,47236,10,0.01,100,100,3.797,94.69,472.904261,39378,47236,83.36,max_iterations,rcv1_train15k.binary,rcv1_test10k.binary
2025-07-13T17:36:45.310726863,rcv1,lbfgs,4_0,47236,15,0.01,100,100,4.187,94.69,472.904261,39378,47236,83.36,max_iterations,rcv1_train15k.binary,rcv1_test10k.binary
2025-07-13T17:30:15.528024859,rcv1,lbfgs,4_0,47236,5,0.01,100,100,2.04,94.69,472.904261,39378,47236,83.36,max_iterations,rcv1_train15k.binary,rcv1_test10k.binary
2025-07-13T17:23:08.406122263,rcv1,lbfgs,4_0,47236,8,0.01,100,100,3.452,94.69,472.904261,39378,47236,83.36,max_iterations,rcv1_train15k.binary,rcv1_test10k.binary
2025-07-13T17:34:06.466825136,rcv1,lbfgs,4_0,47236,10,0.01,100,100,3.782,94.69,472.904261,39378,47236,83.36,max_iterations,rcv1_train15k.binary,rcv1_test10k.binary
2025-07-13T17:46:20.182743997,rcv1,lbfgs,4_0,47236,15,0.01,100,100,4.145,94.69,472.904261,39378,47236,83.36,max_iterations,rcv1_train15k.binary,rcv1_test10k.binary
2025-07-13T17:39:42.205624514,rcv1,lbfgs,4_0,47236,5,0.01,100,100,2.001,94.69,472.904261,39378,47236,83.36,max_iterations,rcv1_train15k.binary,rcv1_test10k.binary
2025-07-13T17:32:12.914300735,rcv1,lbfgs,4_0,47236,8,0.01,100,100,3.395,94.69,472.904261,39378,47236,83.36,max_iterations,rcv1_train15k.binary,rcv1_test10k.binary
2025-07-13T17:43:36.687491981,rcv1,lbfgs,4_0,47236,10,0.01,100,100,3.771,94.69,472.904261,39378,47236,83.36,max_iterations,rcv1_train15k.binary,rcv1_test10k.binary
2025-07-13T17:55:45.813637578,rcv1,lbfgs,4_0,47236,15,0.01,100,100,4.155,94.69,472.904261,39378,47236,83.36,max_iterations,rcv1_train15k.binary,rcv1_test10k.binary
2025-07-13T17:49:20.270340691,rcv1,lbfgs,4_0,47236,5,0.01,100,100,2.023,94.69,472.904261,39378,47236,83.36,max_iterations,rcv1_train15k.binary,rcv1_test10k.binary
2025-07-13T17:41:42.073557979,rcv1,lbfgs,4_0,47236,8,0.01,100,100,3.378,94.69,472.904261,39378,47236,83.36,max_iterations,rcv1_train15k.binary,rcv1_test10k.binary
2025-07-13T17:53:10.348433544,rcv1,lbfgs,4_0,47236,10,0.01,100,100,3.731,94.69,472.904261,39378,47236,83.36,max_iterations,rcv1_train15k.binary,rcv1_test10k.binary
2025-07-13T18:05:09.360703223,rcv1,lbfgs,4_0,47236,15,0.01,100,100,4.105,94.69,472.904261,39378,47236,83.36,max_iterations,rcv1_train15k.binary,rcv1_test10k.binary
2025-07-13T17:58:40.100669602,rcv1,lbfgs,4_0,47236,5,0.01,100,100,2,94.69,472.904261,39378,47236,83.36,max_iterations,rcv1_train15k.binary,rcv1_test10k.binary
2025-07-13T17:51:25.574867042,rcv1,lbfgs,4_0,47236,8,0.01,100,100,3.424,94.69,472.904261,39378,47236,83.36,max_iterations,rcv1_train15k.binary,rcv1_test10k.binary
2025-07-13T18:02:29.191880091,rcv1,lbfgs,4_0,47236,10,0.01,100,100,3.763,94.69,472.904261,39378,47236,83.36,max_iterations,rcv1_train15k.binary,rcv1_test10k.binary
2025-07-13T18:14:48.502918690,rcv1,lbfgs,4_0,47236,15,0.01,100,100,4.19,94.69,472.904261,39378,47236,83.36,max_iterations,rcv1_train15k.binary,rcv1_test10k.binary
2025-07-13T18:08:10.785460753,rcv1,lbfgs,4_0,47236,5,0.01,100,100,1.984,94.69,472.904261,39378,47236,83.36,max_iterations,rcv1_train15k.binary,rcv1_test10k.binary
2025-07-13T18:00:37.047837380,rcv1,lbfgs,4_0,47236,8,0.01,100,100,3.325,94.69,472.904261,39378,47236,83.36,max_iterations,rcv1_train15k.binary,rcv1_test10k.binary
2025-07-13T18:12:00.689730317,rcv1,lbfgs,4_0,47236,10,0.01,100,100,3.788,94.69,472.904261,39378,47236,83.36,max_iterations,rcv1_train15k.binary,rcv1_test10k.binary
2025-07-13T18:24:53.819305271,rcv1,lbfgs,4_0,47236,15,0.01,100,100,5.115,94.69,472.904261,39378,47236,83.36,max_iterations,rcv1_train15k.binary,rcv1_test10k.binary
2025-07-13T18:17:54.856983145,rcv1,lbfgs,4_0,47236,5,0.01,100,100,2.188,94.69,472.904261,39378,47236,83.36,max_iterations,rcv1_train15k.binary,rcv1_test10k.binary
2025-07-13T18:10:11.864335702,rcv1,lbfgs,4_0,47236,8,0.01,100,100,3.361,94.69,472.904261,39378,47236,83.36,max_iterations,rcv1_train15k.binary,rcv1_test10k.binary
2025-07-13T18:22:15.638400620,rcv1,lbfgs,4_0,47236,10,0.01,100,100,3.756,94.69,472.904261,39378,47236,83.36,max_iterations,rcv1_train15k.binary,rcv1_test10k.binary
2025-07-13T18:34:13.995279223,rcv1,lbfgs,4_0,47236,15,0.01,100,100,4.128,94.69,472.904261,39378,47236,83.36,max_iterations,rcv1_train15k.binary,rcv1_test10k.binary
2025-07-13T18:27:47.434830212,rcv1,lbfgs,4_0,47236,5,0.01,100,100,1.983,94.69,472.904261,39378,47236,83.36,max_iterations,rcv1_train15k.binary,rcv1_test10k.binary
2025-07-13T18:20:06.093320382,rcv1,lbfgs,4_0,47236,8,0.01,100,100,3.324,94.69,472.904261,39378,47236,83.36,max_iterations,rcv1_train15k.binary,rcv1_test10k.binary
2025-07-13T18:31:36.435136847,rcv1,lbfgs,4_0,47236,10,0.01,100,100,3.736,94.69,472.904261,39378,47236,83.36,max_iterations,rcv1_train15k.binary,rcv1_test10k.binary
2025-07-13T18:43:46.307141392,rcv1,lbfgs,4_0,47236,15,0.01,100,100,4.133,94.69,472.904261,39378,47236,83.36,max_iterations,rcv1_train15k.binary,rcv1_test10k.binary
2025-07-13T18:37:10.580307781,rcv1,lbfgs,4_0,47236,5,0.01,100,100,2.03,94.69,472.904261,39378,47236,83.36,max_iterations,rcv1_train15k.binary,rcv1_test10k.binary
2025-07-13T18:29:43.223183068,rcv1,lbfgs,4_0,47236,8,0.01,100,100,3.42,94.69,472.904261,39378,47236,83.36,max_iterations,rcv1_train15k.binary,rcv1_test10k.binary
2025-07-13T18:41:03.637921063,rcv1,lbfgs,4_0,47236,10,0.01,100,100,3.72,94.69,472.904261,39378,47236,83.36,max_iterations,rcv1_train15k.binary,rcv1_test10k.binary
2025-07-13T18:53:17.257916402,rcv1,lbfgs,4_0,47236,15,0.01,100,100,4.131,94.69,472.904261,39378,47236,83.36,max_iterations,rcv1_train15k.binary,rcv1_test10k.binary
2025-07-13T18:46:46.256121133,rcv1,lbfgs,4_0,47236,5,0.01,100,100,1.991,94.69,472.904261,39378,47236,83.36,max_iterations,rcv1_train15k.binary,rcv1_test10k.binary
2025-07-13T18:39:10.073209340,rcv1,lbfgs,4_0,47236,8,0.01,100,100,3.373,94.69,472.904261,39378,47236,83.36,max_iterations,rcv1_train15k.binary,rcv1_test10k.binary
2025-07-13T18:50:36.927615940,rcv1,lbfgs,4_0,47236,10,0.01,100,100,3.751,94.69,472.904261,39378,47236,83.36,max_iterations,rcv1_train15k.binary,rcv1_test10k.binary
2025-07-13T19:02:35.651796956,rcv1,lbfgs,4_0,47236,15,0.01,100,100,4.11,94.69,472.904261,39378,47236,83.36,max_iterations,rcv1_train15k.binary,rcv1_test10k.binary
2025-07-13T18:56:10.395879141,rcv1,lbfgs,4_0,47236,5,0.01,100,100,1.95,94.69,472.904261,39378,47236,83.36,max_iterations,rcv1_train15k.binary,rcv1_test10k.binary
2025-07-13T18:48:46.927262210,rcv1,lbfgs,4_0,47236,8,0.01,100,100,3.353,94.69,472.904261,39378,47236,83.36,max_iterations,rcv1_train15k.binary,rcv1_test10k.binary
2025-07-13T18:59:55.028167619,rcv1,lbfgs,4_0,47236,10,0.01,100,100,3.741,94.69,472.904261,39378,47236,83.36,max_iterations,rcv1_train15k.binary,rcv1_test10k.binary
2025-07-13T19:12:18.689962242,rcv1,lbfgs,4_0,47236,15,0.01,100,100,4.131,94.69,472.904261,39378,47236,83.36,max_iterations,rcv1_train15k.binary,rcv1_test10k.binary
2025-07-13T19:05:36.020042848,rcv1,lbfgs,4_0,47236,5,0.01,100,100,1.938,94.69,472.904261,39378,47236,83.36,max_iterations,rcv1_train15k.binary,rcv1_test10k.binary
2025-07-13T18:58:08.341707849,rcv1,lbfgs,4_0,47236,8,0.01,100,100,3.369,94.69,472.904261,39378,47236,83.36,max_iterations,rcv1_train15k.binary,rcv1_test10k.binary
2025-07-13T16:12:03.669702673,rcv1,lbfgs,4_0,47236,15,0.01,100,100,4.72,94.69,472.904261,39378,47236,83.36,max_iterations,rcv1_train15k.binary,rcv1_test10k.binary
2025-07-13T16:05:56.087512217,rcv1,lbfgs,4_0,47236,5,0.01,100,100,2.431,94.69,472.904261,39378,47236,83.36,max_iterations,rcv1_train15k.binary,rcv1_test10k.binary
2025-07-13T22:07:14.908489931,higgs,lbfgs,4_0,27,8,0.01,100,100,5.667,64.07,2.775366,27,27,100,max_iterations,higgs_train15k.binary,higgs_test10k.binary
2025-07-13T16:09:31.922207320,rcv1,lbfgs,4_0,47236,10,0.01,100,100,4.37,94.69,472.904261,39378,47236,83.36,max_iterations,rcv1_train15k.binary,rcv1_test10k.binary
2025-07-13T16:21:30.441894868,rcv1,lbfgs,4_0,47236,15,0.01,100,100,4.52,94.69,472.904261,39378,47236,83.36,max_iterations,rcv1_train15k.binary,rcv1_test10k.binary
2025-07-13T16:14:53.577255610,rcv1,lbfgs,4_0,47236,5,0.01,100,100,2.217,94.69,472.904261,39378,47236,83.36,max_iterations,rcv1_train15k.binary,rcv1_test10k.binary
2025-07-13T16:07:45.720653804,rcv1,lbfgs,4_0,47236,8,0.01,100,100,4.087,94.69,472.904261,39378,47236,83.36,max_iterations,rcv1_train15k.binary,rcv1_test10k.binary
2025-07-13T16:18:47.377762922,rcv1,lbfgs,4_0,47236,10,0.01,100,100,4.154,94.69,472.904261,39378,47236,83.36,max_iterations,rcv1_train15k.binary,rcv1_test10k.binary
2025-07-13T16:30:27.339836952,rcv1,lbfgs,4_0,47236,15,0.01,100,100,4.317,94.69,472.904261,39378,47236,83.36,max_iterations,rcv1_train15k.binary,rcv1_test10k.binary
2025-07-13T16:24:18.965728571,rcv1,lbfgs,4_0,47236,5,0.01,100,100,2.136,94.69,472.904261,39378,47236,83.36,max_iterations,rcv1_train15k.binary,rcv1_test10k.binary
2025-07-13T16:16:55.126108716,rcv1,lbfgs,4_0,47236,8,0.01,100,100,3.762,94.69,472.904261,39378,47236,83.36,max_iterations,rcv1_train15k.binary,rcv1_test10k.binary
2025-07-13T16:27:51.447159565,rcv1,lbfgs,4_0,47236,10,0.01,100,100,3.874,94.69,472.904261,39378,47236,83.36,max_iterations,rcv1_train15k.binary,rcv1_test10k.binary
2025-07-13T16:39:40.629110613,rcv1,lbfgs,4_0,47236,15,0.01,100,100,4.255,94.69,472.904261,39378,47236,83.36,max_iterations,rcv1_train15k.binary,rcv1_test10k.binary
2025-07-13T16:33:18.322991825,rcv1,lbfgs,4_0,47236,5,0.01,100,100,2.049,94.69,472.904261,39378,47236,83.36,max_iterations,rcv1_train15k.binary,rcv1_test10k.binary
2025-07-13T16:26:10.359677719,rcv1,lbfgs,4_0,47236,8,0.01,100,100,3.605,94.69,472.904261,39378,47236,83.36,max_iterations,rcv1_train15k.binary,rcv1_test10k.binary
2025-07-13T16:36:59.398394085,rcv1,lbfgs,4_0,47236,10,0.01,100,100,3.98,94.69,472.904261,39378,47236,83.36,max_iterations,rcv1_train15k.binary,rcv1_test10k.binary
2025-07-13T16:49:33.006471431,rcv1,lbfgs,4_0,47236,15,0.01,100,100,4.214,94.69,472.904261,39378,47236,83.36,max_iterations,rcv1_train15k.binary,rcv1_test10k.binary
2025-07-13T16:42:39.389470113,rcv1,lbfgs,4_0,47236,5,0.01,100,100,2.055,94.69,472.904261,39378,47236,83.36,max_iterations,rcv1_train15k.binary,rcv1_test10k.binary
2025-07-13T16:35:14.011012541,rcv1,lbfgs,4_0,47236,8,0.01,100,100,3.557,94.69,472.904261,39378,47236,83.36,max_iterations,rcv1_train15k.binary,rcv1_test10k.binary
2025-07-13T16:46:44.712431670,rcv1,lbfgs,4_0,47236,10,0.01,100,100,3.89,94.69,472.904261,39378,47236,83.36,max_iterations,rcv1_train15k.binary,rcv1_test10k.binary
2025-07-13T16:58:54.830506992,rcv1,lbfgs,4_0,47236,15,0.01,100,100,4.273,94.69,472.904261,39378,47236,83.36,max_iterations,rcv1_train15k.binary,rcv1_test10k.binary
2025-07-13T16:52:38.133759481,rcv1,lbfgs,4_0,47236,5,0.01,100,100,2.057,94.69,472.904261,39378,47236,83.36,max_iterations,rcv1_train15k.binary,rcv1_test10k.binary
2025-07-13T16:44:43.128238414,rcv1,lbfgs,4_0,47236,8,0.01,100,100,3.542,94.69,472.904261,39378,47236,83.36,max_iterations,rcv1_train15k.binary,rcv1_test10k.binary
2025-07-13T16:56:20.220007337,rcv1,lbfgs,4_0,47236,10,0.01,100,100,3.833,94.69,472.904261,39378,47236,83.36,max_iterations,rcv1_train15k.binary,rcv1_test10k.binary
2025-07-13T17:08:16.800090874,rcv1,lbfgs,4_0,47236,15,0.01,100,100,4.178,94.69,472.904261,39378,47236,83.36,max_iterations,rcv1_train15k.binary,rcv1_test10k.binary
2025-07-13T17:01:50.283916725,rcv1,lbfgs,4_0,47236,5,0.01,100,100,2.037,94.69,472.904261,39378,47236,83.36,max_iterations,rcv1_train15k.binary,rcv1_test10k.binary
2025-07-13T16:54:30.223972789,rcv1,lbfgs,4_0,47236,8,0.01,100,100,3.458,94.69,472.904261,39378,47236,83.36,max_iterations,rcv1_train15k.binary,rcv1_test10k.binary
2025-07-13T17:05:33.336475630,rcv1,lbfgs,4_0,47236,10,0.01,100,100,3.804,94.69,472.904261,39378,47236,83.36,max_iterations,rcv1_train15k.binary,rcv1_test10k.binary
2025-07-13T17:18:00.870639195,rcv1,lbfgs,4_0,47236,15,0.01,100,100,4.206,94.69,472.904261,39378,47236,83.36,max_iterations,rcv1_train15k.binary,rcv1_test10k.binary
2025-07-13T17:11:17.224597604,rcv1,lbfgs,4_0,47236,5,0.01,100,100,2.012,94.69,472.904261,39378,47236,83.36,max_iterations,rcv1_train15k.binary,rcv1_test10k.binary
2025-07-13T17:03:47.786535516,rcv1,lbfgs,4_0,47236,8,0.01,100,100,3.408,94.69,472.904261,39378,47236,83.36,max_iterations,rcv1_train15k.binary,rcv1_test10k.binary
2025-07-13T19:09:27.413999958,rcv1,admm,4_0,47236,10,0.01,50,14,100.05,92.08,2.057952,39374,47236,83.36,converged,rcv1_train15k.binary,rcv1_test10k.binary
2025-07-13T19:07:32.391863892,rcv1,admm,4_0,47236,8,0.01,50,17,105.728,92.12,2.52166,39370,47236,83.35,converged,rcv1_train15k.binary,rcv1_test10k.binary
2025-07-13T19:07:36.303333043,rcv1,lbfgs,4_0,47236,8,0.01,100,100,3.332,94.69,472.904261,39378,47236,83.36,max_iterations,rcv1_train15k.binary,rcv1_test10k.binary
2025-07-13T19:09:31.748526144,rcv1,lbfgs,4_0,47236,10,0.01,100,100,3.727,94.69,472.904261,39378,47236,83.36,max_iterations,rcv1_train15k.binary,rcv1_test10k.binary
